oq,rvnm,stcd,stnm,tm,wptn,z,q
24800,长江干流,60106980,三峡水库,1782838800000,4,148.320,
24800,长江干流,60106980,三峡水库,1782846000000,5,148.370,
24800,长江干流,60106980,三峡水库,1782849600000,5,148.400,
24700,长江干流,60106980,三峡水库,1782856800000,5,148.470,
27000,长江干流,60106980,三峡水库,1782860400000,4,148.440,
21600,长江干流,60106980,三峡水库,1782871200000,5,148.640,
24600,长江干流,60106980,三峡水库,1782885600000,4,148.910,28000
29900,长江干流,60106980,三峡水库,1782900000000,4,148.590,
29900,长江干流,60106980,三峡水库,1782907200000,6,148.510,26800
24700,长江干流,60106980,三峡水库,1782918000000,5,148.640,
27500,长江干流,60106980,三峡水库,1782925200000,4,148.690,
29100,长江干流,60106980,三峡水库,1782932400000,4,148.600,
29000,长江干流,60106980,三峡水库,1782936000000,4,148.560,
29000,长江干流,60106980,三峡水库,1782943200000,4,148.500,
29000,长江干流,60106980,三峡水库,1782946800000,4,148.450,
26800,长江干流,60106980,三峡水库,1782954000000,5,148.480,
23900,长江干流,60106980,三峡水库,1782968400000,5,148.760,
30000,长江干流,60106980,三峡水库,1782979200000,4,148.510,
30100,长江干流,60106980,三峡水库,1782986400000,4,148.320,
30200,长江干流,60106980,三峡水库,1782993600000,4,148.170,23700
27900,长江干流,60106980,三峡水库,1783004400000,4,148.140,
27800,长江干流,60106980,三峡水库,1783008000000,4,148.130,
26000,长江干流,60106980,三峡水库,1783015200000,6,148.180,23000
25900,长江干流,60106980,三峡水库,1783018800000,5,148.210,
25900,长江干流,60106980,三峡水库,1783022400000,4,148.190,
25900,长江干流,60106980,三峡水库,1783029600000,4,148.180,
27400,长江干流,60106980,三峡水库,1783033200000,4,148.100,
27400,长江干流,60106980,三峡水库,1783036800000,4,148.080,23000
20600,长江干流,60106980,三峡水库,1783051200000,5,148.400,
28700,长江干流,60106980,三峡水库,1783062000000,4,148.120,
30800,长江干流,60106980,三峡水库,1783072800000,4,147.710,
30800,长江干流,60106980,三峡水库,1783080000000,4,147.540,26500
27500,长江干流,60106980,三峡水库,1783087200000,5,147.500,
26300,长江干流,60106980,三峡水库,1783090800000,5,147.540,
26200,长江干流,60106980,三峡水库,1783098000000,5,147.620,
26300,长江干流,60106980,三峡水库,1783101600000,5,147.660,26500
26200,长江干流,60106980,三峡水库,1783105200000,6,147.660,
26200,长江干流,60106980,三峡水库,1783108800000,4,147.640,
26200,长江干流,60106980,三峡水库,1783116000000,5,147.700,
27700,长江干流,60106980,三峡水库,1783119600000,4,147.610,
27800,长江干流,60106980,三峡水库,1783123200000,4,147.580,26400
20500,长江干流,60106980,三峡水库,1783137600000,5,148.020,
28700,长江干流,60106980,三峡水库,1783148400000,4,147.890,
30700,长江干流,60106980,三峡水库,1783155600000,4,147.660,
30800,长江干流,60106980,三峡水库,1783159200000,4,147.570,
30900,长江干流,60106980,三峡水库,1783166400000,4,147.410,25300
30900,长江干流,60106980,三峡水库,1783170000000,4,147.370,
27600,长江干流,60106980,三峡水库,1783173600000,5,147.390,
26200,长江干流,60106980,三峡水库,1783180800000,5,147.500,
26200,长江干流,60106980,三峡水库,1783184400000,5,147.510,
26200,长江干流,60106980,三峡水库,1783188000000,5,147.540,24000
26200,长江干流,60106980,三峡水库,1783191600000,5,147.550,
26200,长江干流,60106980,三峡水库,1783195200000,6,147.550,
26200,长江干流,60106980,三峡水库,1783198800000,6,147.550,
26200,长江干流,60106980,三峡水库,1783202400000,4,147.540,
27800,长江干流,60106980,三峡水库,1783206000000,4,147.430,
27400,长江干流,60106980,三峡水库,1783209600000,4,147.420,22600
20700,长江干流,60106980,三峡水库,1783224000000,5,147.720,
29300,长江干流,60106980,三峡水库,1783234800000,4,147.520,
31300,长江干流,60106980,三峡水库,1783245600000,4,147.060,
31400,长江干流,60106980,三峡水库,1783249200000,4,146.950,
31400,长江干流,60106980,三峡水库,1783252800000,4,146.850,21000
27800,长江干流,60106980,三峡水库,1783260000000,6,146.740,
24100,长江干流,60106980,三峡水库,1783263600000,5,146.860,
23800,长江干流,60106980,三峡水库,1783267200000,5,146.930,
21600,长江干流,60106980,三峡水库,1783274400000,5,147.100,20000
21600,长江干流,60106980,三峡水库,1783278000000,5,147.170,
21500,长江干流,60106980,三峡水库,1783281600000,5,147.210,
21500,长江干流,60106980,三峡水库,1783285200000,4,147.200,
21500,长江干流,60106980,三峡水库,1783288800000,5,147.210,
25000,长江干流,60106980,三峡水库,1783292400000,4,147.080,
25100,长江干流,60106980,三峡水库,1783296000000,4,147.040,19000
18500,长江干流,60106980,三峡水库,1783314000000,5,147.350,
27500,长江干流,60106980,三峡水库,1783328400000,4,146.760,
27600,长江干流,60106980,三峡水库,1783339200000,4,146.440,18200
21800,长江干流,60106980,三峡水库,1783353600000,5,146.520,
17500,长江干流,60106980,三峡水库,1783360800000,5,146.740,18000
17500,长江干流,60106980,三峡水库,1783368000000,5,146.910,
17400,长江干流,60106980,三峡水库,1783371600000,5,146.940,
18300,长江干流,60106980,三峡水库,1783375200000,5,146.950,
20000,长江干流,60106980,三峡水库,1783378800000,4,146.880,
18100,长江干流,60106980,三峡水库,1783386000000,5,146.850,
14400,长江干流,60106980,三峡水库,1783400400000,5,147.160,
22500,长江干流,60106980,三峡水库,1783411200000,4,146.810,
22400,长江干流,60106980,三峡水库,1783422000000,4,146.580,
22400,长江干流,60106980,三峡水库,1783429200000,4,146.430,
17900,长江干流,60106980,三峡水库,1783436400000,5,146.560,
15000,长江干流,60106980,三峡水库,1783443600000,5,146.750,
14900,长江干流,60106980,三峡水库,1783454400000,5,146.900,
14900,长江干流,60106980,三峡水库,1783458000000,6,146.900,
14900,长江干流,60106980,三峡水库,1783461600000,5,146.940,
14900,长江干流,60106980,三峡水库,1783465200000,6,146.940,
14900,长江干流,60106980,三峡水库,1783468800000,6,146.940,16800
13800,长江干流,60106980,三峡水库,1783483200000,5,147.010,
16000,长江干流,60106980,三峡水库,1783490400000,4,146.970,16800
16800,长江干流,60106980,三峡水库,1783497600000,4,146.910,
16700,长江干流,60106980,三峡水库,1783508400000,4,146.890,
16800,长江干流,60106980,三峡水库,1783512000000,6,146.890,16800
15400,长江干流,60106980,三峡水库,1783519200000,5,146.920,
14900,长江干流,60106980,三峡水库,1783526400000,5,147.000,
14800,长江干流,60106980,三峡水库,1783530000000,5,147.010,
14800,长江干流,60106980,三峡水库,1783537200000,5,147.050,
14800,长江干流,60106980,三峡水库,1783540800000,5,147.080,
14800,长江干流,60106980,三峡水库,1783544400000,5,147.090,
14800,长江干流,60106980,三峡水库,1783548000000,4,147.080,
14800,长江干流,60106980,三峡水库,1783551600000,5,147.100,
14800,长江干流,60106980,三峡水库,1783555200000,6,147.100,16300
13700,长江干流,60106980,三峡水库,1783569600000,5,147.170,
16800,长江干流,60106980,三峡水库,1783584000000,5,147.060,
16900,长江干流,60106980,三峡水库,1783594800000,4,147.010,
17000,长江干流,60106980,三峡水库,1783602000000,5,147.020,
14800,长江干流,60106980,三峡水库,1783612800000,5,147.150,
14800,长江干流,60106980,三峡水库,1783616400000,5,147.160,
14800,长江干流,60106980,三峡水库,1783623600000,6,147.180,
14800,长江干流,60106980,三峡水库,1783630800000,6,147.230,
14800,长江干流,60106980,三峡水库,1783634400000,4,147.210,
14800,长江干流,60106980,三峡水库,1783638000000,5,147.230,
14000,长江干流,60106980,三峡水库,1783648800000,5,147.290,
16900,长江干流,60106980,三峡水库,1783663200000,4,147.220,15900
17000,长江干流,60106980,三峡水库,1783674000000,5,147.160,
17000,长江干流,60106980,三峡水库,1783684800000,5,147.120,15900
15500,长江干流,60106980,三峡水库,1783692000000,5,147.180,
14800,长江干流,60106980,三峡水库,1783699200000,5,147.210,
13800,长江干流,60106980,三峡水库,1783706400000,5,147.320,15600
13800,长江干流,60106980,三峡水库,1783710000000,6,147.320,
13800,长江干流,60106980,三峡水库,1783713600000,5,147.330,
14700,长江干流,60106980,三峡水库,1783720800000,4,147.340,
16000,长江干流,60106980,三峡水库,1783724400000,4,147.290,
12300,长江干流,60106980,三峡水库,1783738800000,5,147.440,
13500,长江干流,60106980,三峡水库,1783746000000,4,147.450,
18000,长江干流,60106980,三峡水库,1783753200000,4,147.290,
18800,长江干流,60106980,三峡水库,1783760400000,4,147.130,
18900,长江干流,60106980,三峡水库,1783764000000,4,147.080,
18900,长江干流,60106980,三峡水库,1783767600000,4,147.030,
18900,长江干流,60106980,三峡水库,1783771200000,4,147.000,14300
19000,长江干流,60106980,三峡水库,1783774800000,6,147.000,
17000,长江干流,60106980,三峡水库,1783778400000,5,147.030,
14400,长江干流,60106980,三峡水库,1783782000000,5,147.120,
13700,长江干流,60106980,三峡水库,1783785600000,5,147.210,
13700,长江干流,60106980,三峡水库,1783789200000,5,147.260,
13700,长江干流,60106980,三峡水库,1783796400000,5,147.300,
13700,长江干流,60106980,三峡水库,1783800000000,5,147.330,
13600,长江干流,60106980,三峡水库,1783803600000,6,147.330,
14300,长江干流,60106980,三峡水库,1783807200000,4,147.300,
15800,长江干流,60106980,三峡水库,1783810800000,4,147.230,
12300,长江干流,60106980,三峡水库,1783825200000,5,147.360,
13300,长江干流,60106980,三峡水库,1783836000000,4,147.330,13800
18700,长江干流,60106980,三峡水库,1783843200000,4,147.090,
18900,长江干流,60106980,三峡水库,1783846800000,4,147.040,
19000,长江干流,60106980,三峡水库,1783854000000,4,146.900,
19100,长江干流,60106980,三峡水库,1783861200000,4,146.840,
17200,长江干流,60106980,三峡水库,1783864800000,5,146.870,
14400,长江干流,60106980,三峡水库,1783868400000,5,146.940,
13800,长江干流,60106980,三峡水库,1783872000000,5,147.010,
13600,长江干流,60106980,三峡水库,1783875600000,5,147.080,
13600,长江干流,60106980,三峡水库,1783879200000,6,147.080,13800
13600,长江干流,60106980,三峡水库,1783882800000,4,147.070,
13600,长江干流,60106980,三峡水库,1783886400000,6,147.070,
13600,长江干流,60106980,三峡水库,1783890000000,5,147.080,
14400,长江干流,60106980,三峡水库,1783893600000,4,147.040,
15700,长江干流,60106980,三峡水库,1783897200000,4,146.970,
12200,长江干流,60106980,三峡水库,1783911600000,6,147.020,
14700,长江干流,60106980,三峡水库,1783922400000,4,147.020,15600
18700,长江干流,60106980,三峡水库,1783933200000,4,146.710,
18800,长江干流,60106980,三峡水库,1783944000000,4,146.590,17500
14400,长江干流,60106980,三峡水库,1783954800000,5,146.720,
13500,长江干流,60106980,三峡水库,1783962000000,5,146.890,
13500,长江干流,60106980,三峡水库,1783965600000,5,146.900,17500
13500,长江干流,60106980,三峡水库,1783969200000,5,146.950,
13400,长江干流,60106980,三峡水库,1783972800000,5,147.010,
13400,长江干流,60106980,三峡水库,1783976400000,4,147.000,
14200,长江干流,60106980,三峡水库,1783980000000,6,147.000,
15500,长江干流,60106980,三峡水库,1783983600000,6,147.000,
12100,长江干流,60106980,三峡水库,1783994400000,5,147.120,
13200,长江干流,60106980,三峡水库,1784005200000,5,147.240,
17600,长江干流,60106980,三峡水库,1784012400000,4,147.150,
18500,长江干流,60106980,三峡水库,1784019600000,4,147.020,
18600,长江干流,60106980,三峡水库,1784023200000,4,146.990,
18800,长江干流,60106980,三峡水库,1784026800000,6,146.990,
18900,长江干流,60106980,三峡水库,1784034000000,6,146.990,
14500,长江干流,60106980,三峡水库,1784041200000,5,147.140,
13600,长江干流,60106980,三峡水库,1784044800000,5,147.290,
13600,长江干流,60106980,三峡水库,1784048400000,5,147.380,
13600,长江干流,60106980,三峡水库,1784052000000,5,147.410,18500
13500,长江干流,60106980,三峡水库,1784055600000,5,147.470,
13500,长江干流,60106980,三峡水库,1784059200000,5,147.530,
13500,长江干流,60106980,三峡水库,1784062800000,5,147.560,
14300,长江干流,60106980,三峡水库,1784066400000,5,147.590,
15700,长江干流,60106980,三峡水库,1784070000000,4,147.560,
14200,长江干流,60106980,三峡水库,1784077200000,5,147.620,
12000,长江干流,60106980,三峡水库,1784088000000,5,147.860,
14500,长江干流,60106980,三峡水库,1784095200000,4,147.830,18000
19300,长江干流,60106980,三峡水库,1784102400000,4,147.640,
19500,长江干流,60106980,三峡水库,1784109600000,4,147.540,
19600,长江干流,60106980,三峡水库,1784113200000,4,147.520,
19600,长江干流,60106980,三峡水库,1784120400000,4,147.490,
14900,长江干流,60106980,三峡水库,1784127600000,5,147.640,
13500,长江干流,60106980,三峡水库,1784131200000,5,147.770,
12600,长江干流,60106980,三峡水库,1784134800000,5,147.880,
12600,长江干流,60106980,三峡水库,1784138400000,5,147.980,17200
12500,长江干流,60106980,三峡水库,1784145600000,5,148.080,
12500,长江干流,60106980,三峡水库,1784149200000,5,148.110,
12500,长江干流,60106980,三峡水库,1784152800000,5,148.170,
12400,长江干流,60106980,三峡水库,1784156400000,5,148.190,
11700,长江干流,60106980,三峡水库,1784170800000,5,148.350,
12300,长江干流,60106980,三峡水库,1784178000000,5,148.400,
20100,长江干流,60106980,三峡水库,1784188800000,4,148.160,
21900,长江干流,60106980,三峡水库,1784196000000,4,147.910,
22000,长江干流,60106980,三峡水库,1784199600000,4,147.830,
22100,长江干流,60106980,三峡水库,1784206800000,4,147.740,
20900,长江干流,60106980,三峡水库,1784210400000,4,147.730,
13900,长江干流,60106980,三峡水库,1784217600000,5,148.060,
10400,长江干流,60106980,三峡水库,1784221200000,5,148.230,
10400,长江干流,60106980,三峡水库,1784224800000,5,148.360,16000
10300,长江干流,60106980,三峡水库,1784228400000,5,148.500,
10300,长江干流,60106980,三峡水库,1784232000000,5,148.540,
10200,长江干流,60106980,三峡水库,1784235600000,5,148.590,
10200,长江干流,60106980,三峡水库,1784239200000,5,148.650,
10200,长江干流,60106980,三峡水库,1784242800000,5,148.690,
10100,长江干流,60106980,三峡水库,1784257200000,5,148.830,
10000,长江干流,60106980,三峡水库,1784264400000,5,148.930,
19400,长江干流,60106980,三峡水库,1784275200000,4,148.660,
20500,长江干流,60106980,三峡水库,1784278800000,4,148.530,
20900,长江干流,60106980,三峡水库,1784286000000,4,148.410,
21000,长江干流,60106980,三峡水库,1784289600000,4,148.360,17400
18500,长江干流,60106980,三峡水库,1784296800000,5,148.380,
15000,长江干流,60106980,三峡水库,1784300400000,5,148.500,
11500,长江干流,60106980,三峡水库,1784304000000,5,148.720,
10800,长江干流,60106980,三峡水库,1784307600000,5,148.840,
10800,长江干流,60106980,三峡水库,1784311200000,5,149.010,17800
10800,长江干流,60106980,三峡水库,1784314800000,5,149.060,
10800,长江干流,60106980,三峡水库,1784318400000,5,149.100,
10700,长江干流,60106980,三峡水库,1784322000000,5,149.230,
10700,长江干流,60106980,三峡水库,1784325600000,5,149.290,
10700,长江干流,60106980,三峡水库,1784329200000,5,149.360,
10500,长江干流,60106980,三峡水库,1784343600000,5,149.610,
10400,长江干流,60106980,三峡水库,1784350800000,5,149.730,
12600,长江干流,60106980,三峡水库,1784354400000,5,149.740,20500
19100,长江干流,60106980,三峡水库,1784361600000,4,149.520,
20300,长江干流,60106980,三峡水库,1784368800000,4,149.380,
20400,长江干流,60106980,三峡水库,1784372400000,4,149.330,
20500,长江干流,60106980,三峡水库,1784379600000,4,149.260,
18200,长江干流,60106980,三峡水库,1784383200000,5,149.380,
14800,长江干流,60106980,三峡水库,1784386800000,5,149.500,
11400,长江干流,60106980,三峡水库,1784390400000,5,149.730,
11100,长江干流,60106980,三峡水库,1784394000000,5,149.870,
11100,长江干流,60106980,三峡水库,1784397600000,5,149.980,22000
11000,长江干流,60106980,三峡水库,1784401200000,5,150.060,
11000,长江干流,60106980,三峡水库,1784404800000,5,150.140,
10900,长江干流,60106980,三峡水库,1784408400000,5,150.210,
10900,长江干流,60106980,三峡水库,1784412000000,5,150.270,
10800,长江干流,60106980,三峡水库,1784415600000,5,150.330,
10700,长江干流,60106980,三峡水库,1784430000000,5,150.570,
10700,长江干流,60106980,三峡水库,1784437200000,5,150.700,
18800,长江干流,60106980,三峡水库,1784448000000,4,150.560,
19700,长江干流,60106980,三峡水库,1784451600000,4,150.520,
19900,长江干流,60106980,三峡水库,1784455200000,4,150.490,
20000,长江干流,60106980,三峡水库,1784458800000,4,150.470,
20000,长江干流,60106980,三峡水库,1784466000000,6,150.490,
17900,长江干流,60106980,三峡水库,1784469600000,5,150.570,
14500,长江干流,60106980,三峡水库,1784473200000,5,150.730,
11200,长江干流,60106980,三峡水库,1784476800000,5,150.960,
11100,长江干流,60106980,三峡水库,1784480400000,5,151.090,
11100,长江干流,60106980,三峡水库,1784484000000,5,151.250,22500
11100,长江干流,60106980,三峡水库,1784487600000,5,151.340,
11000,长江干流,60106980,三峡水库,1784491200000,5,151.430,
11000,长江干流,60106980,三峡水库,1784494800000,5,151.530,
11000,长江干流,60106980,三峡水库,1784498400000,5,151.610,
10900,长江干流,60106980,三峡水库,1784502000000,5,151.660,
10800,长江干流,60106980,三峡水库,1784516400000,5,151.930,
12400,长江干流,60106980,三峡水库,1784527200000,5,152.080,21000
19500,长江干流,60106980,三峡水库,1784538000000,4,151.890,
19800,长江干流,60106980,三峡水库,1784545200000,4,151.820,
17800,长江干流,60106980,三峡水库,1784556000000,5,151.830,
14400,长江干流,60106980,三峡水库,1784559600000,5,151.970,
11600,长江干流,60106980,三峡水库,1784566800000,5,152.260,
11600,长江干流,60106980,三峡水库,1784574000000,5,152.410,
11500,长江干流,60106980,三峡水库,1784577600000,5,152.470,
11500,长江干流,60106980,三峡水库,1784581200000,5,152.530,
11500,长江干流,60106980,三峡水库,1784584800000,5,152.560,
11400,长江干流,60106980,三峡水库,1784588400000,5,152.600,
11300,长江干流,60106980,三峡水库,1784602800000,5,152.680,
11300,长江干流,60106980,三峡水库,1784610000000,5,152.760,
18800,长江干流,60106980,三峡水库,1784620800000,4,152.560,
20100,长江干流,60106980,三峡水库,1784628000000,4,152.400,
20100,长江干流,60106980,三峡水库,1784631600000,4,152.380,
18300,长江干流,60106980,三峡水库,1784642400000,5,152.330,
14800,长江干流,60106980,三峡水库,1784646000000,5,152.420,
11800,长江干流,60106980,三峡水库,1784653200000,5,152.700,
11800,长江干流,60106980,三峡水库,1784656800000,5,152.800,16300
11800,长江干流,60106980,三峡水库,1784660400000,5,152.830,
11700,长江干流,60106980,三峡水库,1784667600000,5,152.910,
11700,长江干流,60106980,三峡水库,1784671200000,5,152.940,
11600,长江干流,60106980,三峡水库,1784674800000,5,152.950,
11500,长江干流,60106980,三峡水库,1784689200000,5,153.010,
12800,长江干流,60106980,三峡水库,1784700000000,6,153.060,16000
19000,长江干流,60106980,三峡水库,1784707200000,4,152.820,
20300,长江干流,60106980,三峡水库,1784714400000,4,152.650,
20500,长江干流,60106980,三峡水库,1784721600000,4,152.580,15900
18300,长江干流,60106980,三峡水库,1784728800000,5,152.540,
15000,长江干流,60106980,三峡水库,1784732400000,5,152.650,
11800,长江干流,60106980,三峡水库,1784739600000,5,152.910,
11800,长江干流,60106980,三峡水库,1784743200000,5,152.990,15700
11800,长江干流,60106980,三峡水库,1784746800000,5,153.000,
11700,长江干流,60106980,三峡水库,1784750400000,5,153.060,
11700,长江干流,60106980,三峡水库,1784754000000,5,153.090,
11700,长江干流,60106980,三峡水库,1784761200000,5,153.120,
11600,长江干流,60106980,三峡水库,1784775600000,5,153.150,
11500,长江干流,60106980,三峡水库,1784782800000,5,153.180,
19000,长江干流,60106980,三峡水库,1784793600000,4,152.930,
20300,长江干流,60106980,三峡水库,1784800800000,4,152.770,
20500,长江干流,60106980,三峡水库,1784808000000,4,152.630,14900
18200,长江干流,60106980,三峡水库,1784815200000,5,152.610,
15100,长江干流,60106980,三峡水库,1784818800000,5,152.700,
11800,长江干流,60106980,三峡水库,1784826000000,5,152.930,
11700,长江干流,60106980,三峡水库,1784829600000,5,153.020,14600
11700,长江干流,60106980,三峡水库,1784833200000,5,153.050,
11700,长江干流,60106980,三峡水库,1784840400000,5,153.100,
11600,长江干流,60106980,三峡水库,1784844000000,5,153.130,
11600,长江干流,60106980,三峡水库,1784847600000,4,153.120,
11500,长江干流,60106980,三峡水库,1784862000000,5,153.110,
11500,长江干流,60106980,三峡水库,1784869200000,5,153.140,
19000,长江干流,60106980,三峡水库,1784880000000,4,152.860,
20300,长江干流,60106980,三峡水库,1784887200000,4,152.670,
20400,长江干流,60106980,三峡水库,1784890800000,4,152.610,
20600,长江干流,60106980,三峡水库,1784898000000,4,152.500,
15000,长江干流,60106980,三峡水库,1784905200000,5,152.630,
11800,长江干流,60106980,三峡水库,1784908800000,5,152.780,
11700,长江干流,60106980,三峡水库,1784916000000,5,152.940,13400
11800,长江干流,60106980,三峡水库,1784919600000,5,152.960,
11700,长江干流,60106980,三峡水库,1784926800000,5,153.010,
11700,长江干流,60106980,三峡水库,1784930400000,5,153.020,
11600,长江干流,60106980,三峡水库,1784934000000,6,153.020,
11600,长江干流,60106980,三峡水库,1784937600000,4,153.000,13400
11500,长江干流,60106980,三峡水库,1784948400000,5,153.030,
13100,长江干流,60106980,三峡水库,1784959200000,4,153.010,13800
19000,长江干流,60106980,三峡水库,1784966400000,4,152.790,
20100,长江干流,60106980,三峡水库,1784970000000,4,152.650,
20500,长江干流,60106980,三峡水库,1784977200000,4,152.530,
20700,长江干流,60106980,三峡水库,1784984400000,4,152.420,
18400,长江干流,60106980,三峡水库,1784988000000,5,152.440,
15100,长江干流,60106980,三峡水库,1784991600000,5,152.550,
11800,长江干流,60106980,三峡水库,1784998800000,5,152.780,
11800,长江干流,60106980,三峡水库,1785006000000,6,152.860,
11800,长江干流,60106980,三峡水库,1785009600000,5,152.870,
11700,长江干流,60106980,三峡水库,1785013200000,5,152.890,
11700,长江干流,60106980,三峡水库,1785016800000,4,152.880,
11700,长江干流,60106980,三峡水库,1785020400000,4,152.870,
11700,长江干流,60106980,三峡水库,1785024000000,6,152.870,13600
11600,长江干流,60106980,三峡水库,1785038400000,4,152.840,
12900,长江干流,60106980,三峡水库,1785045600000,4,152.810,13200
20200,长江干流,60106980,三峡水库,1785056400000,4,152.400,
20500,长江干流,60106980,三峡水库,1785060000000,4,152.300,
20500,长江干流,60106980,三峡水库,1785063600000,4,152.260,
20600,长江干流,60106980,三峡水库,1785067200000,4,152.200,13000
18400,长江干流,60106980,三峡水库,1785074400000,5,152.160,
15200,长江干流,60106980,三峡水库,1785078000000,5,152.230,
11900,长江干流,60106980,三峡水库,1785081600000,5,152.380,
11900,长江干流,60106980,三峡水库,1785085200000,5,152.450,
11900,长江干流,60106980,三峡水库,1785088800000,5,152.510,12800
11900,长江干流,60106980,三峡水库,1785092400000,5,152.520,
11800,长江干流,60106980,三峡水库,1785096000000,4,152.510,
11800,长江干流,60106980,三峡水库,1785099600000,5,152.530,
11800,长江干流,60106980,三峡水库,1785103200000,4,152.520,
11800,长江干流,60106980,三峡水库,1785106800000,6,152.520,
11800,长江干流,60106980,三峡水库,1785110400000,6,152.520,12800
11700,长江干流,60106980,三峡水库,1785124800000,6,152.510,
19300,长江干流,60106980,三峡水库,1785139200000,4,152.220,
20800,长江干流,60106980,三峡水库,1785150000000,4,151.940,
21000,长江干流,60106980,三峡水库,1785157200000,4,151.790,
15300,长江干流,60106980,三峡水库,1785164400000,5,151.910,
13500,长江干流,60106980,三峡水库,1785171600000,5,152.070,
13500,长江干流,60106980,三峡水库,1785175200000,5,152.110,12700
13500,长江干流,60106980,三峡水库,1785182400000,6,152.110,
13500,长江干流,60106980,三峡水库,1785186000000,5,152.140,
13500,长江干流,60106980,三峡水库,1785189600000,4,152.120,
13400,长江干流,60106980,三峡水库,1785193200000,5,152.130,
13400,长江干流,60106980,三峡水库,1785196800000,4,152.110,13200
13300,长江干流,60106980,三峡水库,1785211200000,6,152.110,
14800,长江干流,60106980,三峡水库,1785218400000,4,152.050,13700
22300,长江干流,60106980,三峡水库,1785229200000,4,151.620,
22500,长江干流,60106980,三峡水库,1785236400000,4,151.430,
22600,长江干流,60106980,三峡水库,1785240000000,4,151.360,14200
22700,长江干流,60106980,三峡水库,1785243600000,4,151.290,
20500,长江干流,60106980,三峡水库,1785247200000,5,151.310,
17000,长江干流,60106980,三峡水库,1785250800000,5,151.400,
13600,长江干流,60106980,三峡水库,1785254400000,5,151.570,
13600,长江干流,60106980,三峡水库,1785261600000,5,151.730,14200
13600,长江干流,60106980,三峡水库,1785268800000,5,151.780,
13600,长江干流,60106980,三峡水库,1785272400000,5,151.810,
13500,长江干流,60106980,三峡水库,1785276000000,5,151.820,
13500,长江干流,60106980,三峡水库,1785279600000,5,151.840,
13500,长江干流,60106980,三峡水库,1785283200000,4,151.820,14800
13300,长江干流,60106980,三峡水库,1785297600000,5,151.860,
18000,长江干流,60106980,三峡水库,1785308400000,4,151.710,
22500,长江干流,60106980,三峡水库,1785315600000,4,151.400,
22900,长江干流,60106980,三峡水库,1785326400000,4,151.150,14800
20300,长江干流,60106980,三峡水库,1785333600000,5,151.120,
13600,长江干流,60106980,三峡水库,1785340800000,5,151.390,
13700,长江干流,60106980,三峡水库,1785344400000,5,151.460,
13600,长江干流,60106980,三峡水库,1785351600000,5,151.550,
13600,长江干流,60106980,三峡水库,1785355200000,5,151.570,
13600,长江干流,60106980,三峡水库,1785358800000,5,151.600,
13500,长江干流,60106980,三峡水库,1785362400000,6,151.600,
13500,长江干流,60106980,三峡水库,1785366000000,6,151.600,
13400,长江干流,60106980,三峡水库,1785369600000,4,151.580,14600
13400,长江干流,60106980,三峡水库,1785384000000,5,151.590,
15000,长江干流,60106980,三峡水库,1785391200000,4,151.530,14300
22700,长江干流,60106980,三峡水库,1785402000000,4,151.090,
23000,长江干流,60106980,三峡水库,1785409200000,4,150.900,
23100,长江干流,60106980,三峡水库,1785416400000,4,150.750,
17200,长江干流,60106980,三峡水库,1785423600000,5,150.850,
13700,长江干流,60106980,三峡水库,1785427200000,5,151.040,
13700,长江干流,60106980,三峡水库,1785434400000,5,151.180,14100
13600,长江干流,60106980,三峡水库,1785438000000,5,151.190,
13600,长江干流,60106980,三峡水库,1785445200000,5,151.230,
13600,长江干流,60106980,三峡水库,1785448800000,4,151.220,
13600,长江干流,60106980,三峡水库,1785452400000,4,151.200,
13500,长江干流,60106980,三峡水库,1785459600000,6,151.220,
13500,长江干流,60106980,三峡水库,1785470400000,4,151.200,
17900,长江干流,60106980,三峡水库,1785481200000,4,151.050,
22900,长江干流,60106980,三峡水库,1785492000000,4,150.610,
23100,长江干流,60106980,三峡水库,1785499200000,4,150.440,14800
