rvnm,stcd,stnm,tm,wptn,z
汉江,61802500,龙王庙,1701360000000,6,168.690
汉江,61802500,龙王庙,1701363600000,6,168.690
汉江,61802500,龙王庙,1701367200000,6,168.690
汉江,61802500,龙王庙,1701370800000,6,168.690
汉江,61802500,龙王庙,1701374400000,6,168.690
汉江,61802500,龙王庙,1701378000000,6,168.690
汉江,61802500,龙王庙,1701381600000,4,168.680
汉江,61802500,龙王庙,1701385200000,4,168.670
汉江,61802500,龙王庙,1701388800000,6,168.670
汉江,61802500,龙王庙,1701392400000,5,168.680
汉江,61802500,龙王庙,1701396000000,4,168.670
汉江,61802500,龙王庙,1701399600000,5,168.680
汉江,61802500,龙王庙,1701403200000,4,168.670
汉江,61802500,龙王庙,1701406800000,6,168.670
汉江,61802500,龙王庙,1701410400000,6,168.670
汉江,61802500,龙王庙,1701414000000,4,168.660
汉江,61802500,龙王庙,1701417600000,6,168.660
汉江,61802500,龙王庙,1701421200000,6,168.660
汉江,61802500,龙王庙,1701424800000,6,168.660
汉江,61802500,龙王庙,1701428400000,4,168.650
汉江,61802500,龙王庙,1701432000000,5,168.660
汉江,61802500,龙王庙,1701435600000,6,168.660
汉江,61802500,龙王庙,1701439200000,5,168.670
汉江,61802500,龙王庙,1701442800000,6,168.670
汉江,61802500,龙王庙,1701446400000,4,168.650
汉江,61802500,龙王庙,1701450000000,6,168.650
汉江,61802500,龙王庙,1701453600000,5,168.660
汉江,61802500,龙王庙,1701457200000,4,168.650
汉江,61802500,龙王庙,1701460800000,6,168.650
汉江,61802500,龙王庙,1701464400000,5,168.660
汉江,61802500,龙王庙,1701468000000,4,168.640
汉江,61802500,龙王庙,1701471600000,6,168.640
汉江,61802500,龙王庙,1701475200000,4,168.630
汉江,61802500,龙王庙,1701478800000,6,168.630
汉江,61802500,龙王庙,1701482400000,5,168.640
汉江,61802500,龙王庙,1701486000000,6,168.640
汉江,61802500,龙王庙,1701489600000,6,168.640
汉江,61802500,龙王庙,1701493200000,6,168.640
汉江,61802500,龙王庙,1701496800000,4,168.630
汉江,61802500,龙王庙,1701500400000,6,168.630
汉江,61802500,龙王庙,1701504000000,4,168.610
汉江,61802500,龙王庙,1701507600000,6,168.610
汉江,61802500,龙王庙,1701511200000,6,168.610
汉江,61802500,龙王庙,1701514800000,6,168.610
汉江,61802500,龙王庙,1701518400000,6,168.610
汉江,61802500,龙王庙,1701522000000,6,168.610
汉江,61802500,龙王庙,1701525600000,4,168.600
汉江,61802500,龙王庙,1701529200000,5,168.610
汉江,61802500,龙王庙,1701532800000,6,168.610
汉江,61802500,龙王庙,1701536400000,6,168.610
汉江,61802500,龙王庙,1701540000000,6,168.610
汉江,61802500,龙王庙,1701543600000,6,168.610
汉江,61802500,龙王庙,1701547200000,4,168.600
汉江,61802500,龙王庙,1701550800000,4,168.590
汉江,61802500,龙王庙,1701554400000,6,168.590
汉江,61802500,龙王庙,1701558000000,4,168.580
汉江,61802500,龙王庙,1701561600000,6,168.580
汉江,61802500,龙王庙,1701565200000,5,168.590
汉江,61802500,龙王庙,1701680400000,6,168.500
汉江,61802500,龙王庙,1701684000000,6,168.500
汉江,61802500,龙王庙,1701687600000,6,168.500
汉江,61802500,龙王庙,1701691200000,6,168.500
汉江,61802500,龙王庙,1701694800000,6,168.500
汉江,61802500,龙王庙,1701698400000,4,168.490
汉江,61802500,龙王庙,1701702000000,6,168.490
汉江,61802500,龙王庙,1701705600000,5,168.500
汉江,61802500,龙王庙,1701709200000,6,168.500
汉江,61802500,龙王庙,1701712800000,5,168.510
汉江,61802500,龙王庙,1701716400000,4,168.490
汉江,61802500,龙王庙,1701720000000,4,168.480
汉江,61802500,龙王庙,1701723600000,4,168.470
汉江,61802500,龙王庙,1701727200000,6,168.470
汉江,61802500,龙王庙,1701730800000,4,168.460
汉江,61802500,龙王庙,1701734400000,5,168.480
汉江,61802500,龙王庙,1701738000000,4,168.470
汉江,61802500,龙王庙,1701741600000,5,168.480
汉江,61802500,龙王庙,1701745200000,4,168.470
汉江,61802500,龙王庙,1701748800000,4,168.460
汉江,61802500,龙王庙,1701752400000,6,168.460
汉江,61802500,龙王庙,1701756000000,6,168.460
汉江,61802500,龙王庙,1701759600000,6,168.460
汉江,61802500,龙王庙,1701763200000,4,168.450
汉江,61802500,龙王庙,1701766800000,6,168.450
汉江,61802500,龙王庙,1701770400000,6,168.450
汉江,61802500,龙王庙,1701774000000,6,168.450
汉江,61802500,龙王庙,1701777600000,6,168.450
汉江,61802500,龙王庙,1701781200000,6,168.450
汉江,61802500,龙王庙,1701784800000,6,168.450
汉江,61802500,龙王庙,1701788400000,6,168.450
汉江,61802500,龙王庙,1701792000000,6,168.450
汉江,61802500,龙王庙,1701795600000,5,168.460
汉江,61802500,龙王庙,1701799200000,6,168.460
汉江,61802500,龙王庙,1701802800000,4,168.450
汉江,61802500,龙王庙,1701806400000,4,168.440
汉江,61802500,龙王庙,1701810000000,6,168.440
汉江,61802500,龙王庙,1701813600000,4,168.430
汉江,61802500,龙王庙,1701817200000,6,168.430
汉江,61802500,龙王庙,1701820800000,6,168.430
汉江,61802500,龙王庙,1701824400000,5,168.440
汉江,61802500,龙王庙,1701828000000,4,168.430
汉江,61802500,龙王庙,1701831600000,6,168.430
汉江,61802500,龙王庙,1701835200000,4,168.420
汉江,61802500,龙王庙,1701838800000,6,168.420
汉江,61802500,龙王庙,1701842400000,6,168.420
汉江,61802500,龙王庙,1701846000000,4,168.410
汉江,61802500,龙王庙,1701849600000,6,168.410
汉江,61802500,龙王庙,1701853200000,6,168.410
汉江,61802500,龙王庙,1701856800000,6,168.410
汉江,61802500,龙王庙,1701860400000,4,168.400
汉江,61802500,龙王庙,1701864000000,6,168.400
汉江,61802500,龙王庙,1701867600000,6,168.400
汉江,61802500,龙王庙,1701871200000,4,168.390
汉江,61802500,龙王庙,1701874800000,5,168.400
汉江,61802500,龙王庙,1701878400000,5,168.410
汉江,61802500,龙王庙,1701882000000,6,168.410
汉江,61802500,龙王庙,1701885600000,6,168.410
汉江,61802500,龙王庙,1701889200000,4,168.400
汉江,61802500,龙王庙,1701892800000,4,168.390
汉江,61802500,龙王庙,1701896400000,6,168.390
汉江,61802500,龙王庙,1701900000000,4,168.380
汉江,61802500,龙王庙,1701903600000,6,168.380
汉江,61802500,龙王庙,1701907200000,5,168.390
汉江,61802500,龙王庙,1701910800000,6,168.390
汉江,61802500,龙王庙,1701914400000,4,168.380
汉江,61802500,龙王庙,1701918000000,4,168.370
汉江,61802500,龙王庙,1701921600000,6,168.370
汉江,61802500,龙王庙,1701925200000,4,168.360
汉江,61802500,龙王庙,1701928800000,5,168.370
汉江,61802500,龙王庙,1701932400000,4,168.360
汉江,61802500,龙王庙,1701936000000,5,168.370
汉江,61802500,龙王庙,1701939600000,6,168.370
汉江,61802500,龙王庙,1701943200000,4,168.360
汉江,61802500,龙王庙,1701946800000,6,168.360
汉江,61802500,龙王庙,1701950400000,6,168.360
汉江,61802500,龙王庙,1701954000000,4,168.350
汉江,61802500,龙王庙,1701957600000,6,168.350
汉江,61802500,龙王庙,1701961200000,4,168.340
汉江,61802500,龙王庙,1701964800000,5,168.360
汉江,61802500,龙王庙,1701968400000,6,168.360
汉江,61802500,龙王庙,1701972000000,6,168.360
汉江,61802500,龙王庙,1701975600000,4,168.350
汉江,61802500,龙王庙,1701979200000,4,168.340
汉江,61802500,龙王庙,1701982800000,6,168.340
汉江,61802500,龙王庙,1701986400000,4,168.330
汉江,61802500,龙王庙,1701990000000,4,168.320
汉江,61802500,龙王庙,1701993600000,5,168.330
汉江,61802500,龙王庙,1701997200000,6,168.330
汉江,61802500,龙王庙,1702000800000,6,168.330
汉江,61802500,龙王庙,1702004400000,5,168.340
汉江,61802500,龙王庙,1702008000000,4,168.330
汉江,61802500,龙王庙,1702011600000,6,168.330
汉江,61802500,龙王庙,1702015200000,6,168.330
汉江,61802500,龙王庙,1702018800000,4,168.320
汉江,61802500,龙王庙,1702022400000,4,168.310
汉江,61802500,龙王庙,1702026000000,5,168.330
汉江,61802500,龙王庙,1702029600000,4,168.310
汉江,61802500,龙王庙,1702033200000,5,168.320
汉江,61802500,龙王庙,1702036800000,6,168.320
汉江,61802500,龙王庙,1702040400000,6,168.320
汉江,61802500,龙王庙,1702044000000,5,168.330
汉江,61802500,龙王庙,1702047600000,4,168.310
汉江,61802500,龙王庙,1702051200000,6,168.310
汉江,61802500,龙王庙,1702054800000,4,168.300
汉江,61802500,龙王庙,1702058400000,5,168.310
汉江,61802500,龙王庙,1702062000000,6,168.310
汉江,61802500,龙王庙,1702065600000,6,168.310
汉江,61802500,龙王庙,1702069200000,4,168.300
汉江,61802500,龙王庙,1702072800000,4,168.290
汉江,61802500,龙王庙,1702076400000,6,168.290
汉江,61802500,龙王庙,1702080000000,5,168.300
汉江,61802500,龙王庙,1702083600000,4,168.290
汉江,61802500,龙王庙,1702087200000,6,168.290
汉江,61802500,龙王庙,1702090800000,5,168.300
汉江,61802500,龙王庙,1702094400000,4,168.290
汉江,61802500,龙王庙,1702098000000,4,168.280
汉江,61802500,龙王庙,1702101600000,6,168.280
汉江,61802500,龙王庙,1702105200000,4,168.270
汉江,61802500,龙王庙,1702108800000,6,168.270
汉江,61802500,龙王庙,1702112400000,6,168.270
汉江,61802500,龙王庙,1702116000000,4,168.260
汉江,61802500,龙王庙,1702119600000,5,168.270
汉江,61802500,龙王庙,1702123200000,6,168.270
汉江,61802500,龙王庙,1702126800000,6,168.270
汉江,61802500,龙王庙,1702130400000,4,168.260
汉江,61802500,龙王庙,1702134000000,6,168.260
汉江,61802500,龙王庙,1702137600000,4,168.250
汉江,61802500,龙王庙,1702141200000,4,168.240
汉江,61802500,龙王庙,1702144800000,5,168.250
汉江,61802500,龙王庙,1702148400000,4,168.240
汉江,61802500,龙王庙,1702152000000,5,168.250
汉江,61802500,龙王庙,1702155600000,4,168.240
汉江,61802500,龙王庙,1702159200000,4,168.230
汉江,61802500,龙王庙,1702162800000,5,168.240
汉江,61802500,龙王庙,1702166400000,4,168.230
汉江,61802500,龙王庙,1702170000000,6,168.230
汉江,61802500,龙王庙,1702173600000,5,168.240
汉江,61802500,龙王庙,1702177200000,4,168.230
汉江,61802500,龙王庙,1702180800000,6,168.230
汉江,61802500,龙王庙,1702184400000,4,168.220
汉江,61802500,龙王庙,1702188000000,5,168.230
汉江,61802500,龙王庙,1702191600000,6,168.230
汉江,61802500,龙王庙,1702195200000,4,168.220
汉江,61802500,龙王庙,1702198800000,4,168.210
汉江,61802500,龙王庙,1702202400000,6,168.210
汉江,61802500,龙王庙,1702206000000,6,168.210
汉江,61802500,龙王庙,1702209600000,6,168.210
汉江,61802500,龙王庙,1702213200000,6,168.210
汉江,61802500,龙王庙,1702216800000,5,168.220
汉江,61802500,龙王庙,1702220400000,4,168.210
汉江,61802500,龙王庙,1702224000000,6,168.210
汉江,61802500,龙王庙,1702227600000,6,168.210
汉江,61802500,龙王庙,1702231200000,5,168.220
汉江,61802500,龙王庙,1702234800000,4,168.210
汉江,61802500,龙王庙,1702238400000,5,168.220
汉江,61802500,龙王庙,1702242000000,4,168.210
汉江,61802500,龙王庙,1702245600000,5,168.220
汉江,61802500,龙王庙,1702249200000,4,168.210
汉江,61802500,龙王庙,1702252800000,6,168.210
汉江,61802500,龙王庙,1702256400000,6,168.210
汉江,61802500,龙王庙,1702260000000,6,168.210
汉江,61802500,龙王庙,1702263600000,6,168.210
汉江,61802500,龙王庙,1702267200000,6,168.210
汉江,61802500,龙王庙,1702270800000,4,168.200
汉江,61802500,龙王庙,1702274400000,6,168.200
汉江,61802500,龙王庙,1702278000000,6,168.200
汉江,61802500,龙王庙,1702281600000,5,168.210
汉江,61802500,龙王庙,1702285200000,5,168.220
汉江,61802500,龙王庙,1702288800000,4,168.210
汉江,61802500,龙王庙,1702292400000,4,168.190
汉江,61802500,龙王庙,1702296000000,6,168.190
汉江,61802500,龙王庙,1702299600000,6,168.190
汉江,61802500,龙王庙,1702303200000,5,168.200
汉江,61802500,龙王庙,1702306800000,5,168.210
汉江,61802500,龙王庙,1702310400000,6,168.210
汉江,61802500,龙王庙,1702314000000,4,168.200
汉江,61802500,龙王庙,1702317600000,4,168.180
汉江,61802500,龙王庙,1702321200000,6,168.180
汉江,61802500,龙王庙,1702324800000,6,168.180
汉江,61802500,龙王庙,1702328400000,6,168.180
汉江,61802500,龙王庙,1702332000000,6,168.180
汉江,61802500,龙王庙,1702335600000,6,168.180
汉江,61802500,龙王庙,1702339200000,6,168.180
汉江,61802500,龙王庙,1702342800000,6,168.180
汉江,61802500,龙王庙,1702346400000,4,168.170
汉江,61802500,龙王庙,1702350000000,6,168.170
汉江,61802500,龙王庙,1702353600000,6,168.170
汉江,61802500,龙王庙,1702357200000,6,168.170
汉江,61802500,龙王庙,1702360800000,6,168.170
汉江,61802500,龙王庙,1702364400000,6,168.170
汉江,61802500,龙王庙,1702368000000,4,168.160
汉江,61802500,龙王庙,1702371600000,6,168.160
汉江,61802500,龙王庙,1702375200000,4,168.150
汉江,61802500,龙王庙,1702378800000,6,168.150
汉江,61802500,龙王庙,1702382400000,6,168.150
汉江,61802500,龙王庙,1702386000000,5,168.160
汉江,61802500,龙王庙,1702389600000,6,168.160
汉江,61802500,龙王庙,1702393200000,4,168.150
汉江,61802500,龙王庙,1702396800000,6,168.150
汉江,61802500,龙王庙,1702400400000,6,168.150
汉江,61802500,龙王庙,1702404000000,4,168.140
汉江,61802500,龙王庙,1702407600000,6,168.140
汉江,61802500,龙王庙,1702411200000,6,168.140
汉江,61802500,龙王庙,1702414800000,6,168.140
汉江,61802500,龙王庙,1702418400000,4,168.130
汉江,61802500,龙王庙,1702422000000,5,168.140
汉江,61802500,龙王庙,1702425600000,4,168.130
汉江,61802500,龙王庙,1702429200000,6,168.130
汉江,61802500,龙王庙,1702432800000,5,168.140
汉江,61802500,龙王庙,1702436400000,4,168.130
汉江,61802500,龙王庙,1702440000000,5,168.140
汉江,61802500,龙王庙,1702443600000,4,168.130
汉江,61802500,龙王庙,1702447200000,6,168.130
汉江,61802500,龙王庙,1702450800000,4,168.120
汉江,61802500,龙王庙,1702454400000,6,168.120
汉江,61802500,龙王庙,1702458000000,6,168.120
汉江,61802500,龙王庙,1702461600000,4,168.110
汉江,61802500,龙王庙,1702465200000,6,168.110
汉江,61802500,龙王庙,1702468800000,6,168.110
汉江,61802500,龙王庙,1702472400000,6,168.110
汉江,61802500,龙王庙,1702476000000,6,168.110
汉江,61802500,龙王庙,1702479600000,6,168.110
汉江,61802500,龙王庙,1702483200000,6,168.110
汉江,61802500,龙王庙,1702486800000,4,168.100
汉江,61802500,龙王庙,1702490400000,6,168.100
汉江,61802500,龙王庙,1702494000000,6,168.100
汉江,61802500,龙王庙,1702497600000,6,168.100
汉江,61802500,龙王庙,1702501200000,6,168.100
汉江,61802500,龙王庙,1702504800000,6,168.100
汉江,61802500,龙王庙,1702508400000,6,168.100
汉江,61802500,龙王庙,1702512000000,4,168.090
汉江,61802500,龙王庙,1702515600000,6,168.090
汉江,61802500,龙王庙,1702519200000,5,168.100
汉江,61802500,龙王庙,1702522800000,4,168.090
汉江,61802500,龙王庙,1702526400000,5,168.100
汉江,61802500,龙王庙,1702530000000,6,168.100
汉江,61802500,龙王庙,1702533600000,4,168.090
汉江,61802500,龙王庙,1702537200000,6,168.090
汉江,61802500,龙王庙,1702540800000,4,168.080
汉江,61802500,龙王庙,1702544400000,6,168.080
汉江,61802500,龙王庙,1702548000000,6,168.080
汉江,61802500,龙王庙,1702551600000,6,168.080
汉江,61802500,龙王庙,1702555200000,5,168.100
汉江,61802500,龙王庙,1702558800000,6,168.100
汉江,61802500,龙王庙,1702562400000,5,168.110
汉江,61802500,龙王庙,1702566000000,4,168.100
汉江,61802500,龙王庙,1702569600000,4,168.080
汉江,61802500,龙王庙,1702573200000,6,168.080
汉江,61802500,龙王庙,1702576800000,6,168.080
汉江,61802500,龙王庙,1702580400000,5,168.090
汉江,61802500,龙王庙,1702584000000,5,168.100
汉江,61802500,龙王庙,1702587600000,4,168.090
汉江,61802500,龙王庙,1702591200000,6,168.090
汉江,61802500,龙王庙,1702594800000,4,168.070
汉江,61802500,龙王庙,1702598400000,4,168.060
汉江,61802500,龙王庙,1702602000000,5,168.070
汉江,61802500,龙王庙,1702605600000,6,168.070
汉江,61802500,龙王庙,1702620000000,4,168.060
汉江,61802500,龙王庙,1702623600000,5,168.100
汉江,61802500,龙王庙,1702627200000,4,168.090
汉江,61802500,龙王庙,1702630800000,6,168.090
汉江,61802500,龙王庙,1702634400000,4,168.080
汉江,61802500,龙王庙,1702638000000,4,168.060
汉江,61802500,龙王庙,1702641600000,4,168.050
汉江,61802500,龙王庙,1702645200000,6,168.050
汉江,61802500,龙王庙,1702648800000,6,168.050
汉江,61802500,龙王庙,1702652400000,5,168.060
汉江,61802500,龙王庙,1702656000000,6,168.060
汉江,61802500,龙王庙,1702659600000,5,168.070
汉江,61802500,龙王庙,1702663200000,4,168.060
汉江,61802500,龙王庙,1702666800000,4,168.050
汉江,61802500,龙王庙,1702670400000,4,168.040
汉江,61802500,龙王庙,1702674000000,6,168.040
汉江,61802500,龙王庙,1702677600000,6,168.040
汉江,61802500,龙王庙,1702681200000,6,168.040
汉江,61802500,龙王庙,1702684800000,6,168.040
汉江,61802500,龙王庙,1702688400000,5,168.050
汉江,61802500,龙王庙,1702692000000,4,168.040
汉江,61802500,龙王庙,1702695600000,6,168.040
汉江,61802500,龙王庙,1702699200000,6,168.040
汉江,61802500,龙王庙,1702702800000,6,168.040
汉江,61802500,龙王庙,1702706400000,4,168.030
汉江,61802500,龙王庙,1702710000000,6,168.030
汉江,61802500,龙王庙,1702713600000,6,168.030
汉江,61802500,龙王庙,1702717200000,6,168.030
汉江,61802500,龙王庙,1702720800000,4,168.020
汉江,61802500,龙王庙,1702724400000,6,168.020
汉江,61802500,龙王庙,1702728000000,4,168.010
汉江,61802500,龙王庙,1702731600000,6,168.010
汉江,61802500,龙王庙,1702735200000,4,168.000
汉江,61802500,龙王庙,1702738800000,5,168.010
汉江,61802500,龙王庙,1702742400000,5,168.020
汉江,61802500,龙王庙,1702746000000,6,168.020
汉江,61802500,龙王庙,1702749600000,6,168.020
汉江,61802500,龙王庙,1702753200000,6,168.020
汉江,61802500,龙王庙,1702756800000,6,168.020
汉江,61802500,龙王庙,1702760400000,4,168.000
汉江,61802500,龙王庙,1702764000000,4,167.990
汉江,61802500,龙王庙,1702767600000,6,167.990
汉江,61802500,龙王庙,1702771200000,6,167.990
汉江,61802500,龙王庙,1702774800000,5,168.000
汉江,61802500,龙王庙,1702778400000,6,168.000
汉江,61802500,龙王庙,1702782000000,6,168.000
汉江,61802500,龙王庙,1702785600000,4,167.990
汉江,61802500,龙王庙,1702789200000,5,168.000
汉江,61802500,龙王庙,1702792800000,4,167.990
汉江,61802500,龙王庙,1702796400000,6,167.990
汉江,61802500,龙王庙,1702800000000,6,167.990
汉江,61802500,龙王庙,1702803600000,5,168.000
汉江,61802500,龙王庙,1702807200000,4,167.980
汉江,61802500,龙王庙,1702810800000,6,167.980
汉江,61802500,龙王庙,1702814400000,6,167.980
汉江,61802500,龙王庙,1702818000000,4,167.970
汉江,61802500,龙王庙,1702821600000,6,167.970
汉江,61802500,龙王庙,1702825200000,5,167.980
汉江,61802500,龙王庙,1702828800000,5,167.990
汉江,61802500,龙王庙,1702832400000,5,168.000
汉江,61802500,龙王庙,1702836000000,4,167.990
汉江,61802500,龙王庙,1702839600000,4,167.980
汉江,61802500,龙王庙,1702843200000,6,167.980
汉江,61802500,龙王庙,1702846800000,4,167.970
汉江,61802500,龙王庙,1702850400000,6,167.970
汉江,61802500,龙王庙,1702854000000,6,167.970
汉江,61802500,龙王庙,1702857600000,6,167.970
汉江,61802500,龙王庙,1702861200000,5,167.980
汉江,61802500,龙王庙,1702882800000,4,167.980
汉江,61802500,龙王庙,1702886400000,4,167.970
汉江,61802500,龙王庙,1702890000000,4,167.960
汉江,61802500,龙王庙,1702893600000,5,167.970
汉江,61802500,龙王庙,1702897200000,6,167.970
汉江,61802500,龙王庙,1702900800000,6,167.970
汉江,61802500,龙王庙,1702904400000,4,167.960
汉江,61802500,龙王庙,1702908000000,4,167.950
汉江,61802500,龙王庙,1702911600000,5,167.960
汉江,61802500,龙王庙,1702915200000,5,167.970
汉江,61802500,龙王庙,1702918800000,4,167.960
汉江,61802500,龙王庙,1702922400000,5,167.970
汉江,61802500,龙王庙,1702926000000,6,167.970
汉江,61802500,龙王庙,1702929600000,6,167.970
汉江,61802500,龙王庙,1702933200000,6,167.970
汉江,61802500,龙王庙,1702936800000,4,167.960
汉江,61802500,龙王庙,1702940400000,4,167.950
汉江,61802500,龙王庙,1702944000000,6,167.950
汉江,61802500,龙王庙,1702947600000,6,167.950
汉江,61802500,龙王庙,1702951200000,6,167.950
汉江,61802500,龙王庙,1702954800000,6,167.950
汉江,61802500,龙王庙,1702958400000,6,167.950
汉江,61802500,龙王庙,1702962000000,6,167.950
汉江,61802500,龙王庙,1702965600000,6,167.950
汉江,61802500,龙王庙,1702969200000,4,167.940
汉江,61802500,龙王庙,1702972800000,4,167.930
汉江,61802500,龙王庙,1702976400000,6,167.930
汉江,61802500,龙王庙,1702980000000,6,167.930
汉江,61802500,龙王庙,1702983600000,6,167.930
汉江,61802500,龙王庙,1702987200000,6,167.930
汉江,61802500,龙王庙,1702990800000,6,167.930
汉江,61802500,龙王庙,1702994400000,5,167.940
汉江,61802500,龙王庙,1702998000000,6,167.940
汉江,61802500,龙王庙,1703001600000,5,167.950
汉江,61802500,龙王庙,1703005200000,6,167.950
汉江,61802500,龙王庙,1703008800000,6,167.950
汉江,61802500,龙王庙,1703012400000,6,167.950
汉江,61802500,龙王庙,1703016000000,6,167.950
汉江,61802500,龙王庙,1703019600000,6,167.950
汉江,61802500,龙王庙,1703023200000,6,167.950
汉江,61802500,龙王庙,1703026800000,6,167.950
汉江,61802500,龙王庙,1703030400000,6,167.950
汉江,61802500,龙王庙,1703034000000,6,167.950
汉江,61802500,龙王庙,1703037600000,4,167.890
汉江,61802500,龙王庙,1703041200000,6,167.890
汉江,61802500,龙王庙,1703044800000,6,167.890
汉江,61802500,龙王庙,1703048400000,6,167.890
汉江,61802500,龙王庙,1703052000000,6,167.890
汉江,61802500,龙王庙,1703055600000,6,167.890
汉江,61802500,龙王庙,1703059200000,6,167.890
汉江,61802500,龙王庙,1703062800000,6,167.890
汉江,61802500,龙王庙,1703066400000,6,167.890
汉江,61802500,龙王庙,1703070000000,4,167.880
汉江,61802500,龙王庙,1703073600000,6,167.880
汉江,61802500,龙王庙,1703077200000,6,167.880
汉江,61802500,龙王庙,1703080800000,4,167.870
汉江,61802500,龙王庙,1703084400000,5,167.880
汉江,61802500,龙王庙,1703088000000,6,167.880
汉江,61802500,龙王庙,1703091600000,6,167.880
汉江,61802500,龙王庙,1703095200000,5,167.890
汉江,61802500,龙王庙,1703098800000,6,167.890
汉江,61802500,龙王庙,1703102400000,6,167.890
汉江,61802500,龙王庙,1703106000000,4,167.880
汉江,61802500,龙王庙,1703109600000,6,167.880
汉江,61802500,龙王庙,1703113200000,6,167.880
汉江,61802500,龙王庙,1703116800000,6,167.880
汉江,61802500,龙王庙,1703120400000,4,167.870
汉江,61802500,龙王庙,1703124000000,6,167.870
汉江,61802500,龙王庙,1703127600000,5,167.880
汉江,61802500,龙王庙,1703131200000,6,167.880
汉江,61802500,龙王庙,1703134800000,6,167.880
汉江,61802500,龙王庙,1703138400000,4,167.860
汉江,61802500,龙王庙,1703142000000,6,167.860
汉江,61802500,龙王庙,1703145600000,6,167.860
汉江,61802500,龙王庙,1703149200000,4,167.850
汉江,61802500,龙王庙,1703152800000,6,167.850
汉江,61802500,龙王庙,1703156400000,6,167.850
汉江,61802500,龙王庙,1703160000000,4,167.830
汉江,61802500,龙王庙,1703163600000,5,167.840
汉江,61802500,龙王庙,1703167200000,4,167.830
汉江,61802500,龙王庙,1703170800000,5,167.850
汉江,61802500,龙王庙,1703174400000,4,167.830
汉江,61802500,龙王庙,1703178000000,5,167.840
汉江,61802500,龙王庙,1703181600000,4,167.830
汉江,61802500,龙王庙,1703185200000,6,167.830
汉江,61802500,龙王庙,1703188800000,6,167.830
汉江,61802500,龙王庙,1703192400000,5,167.840
汉江,61802500,龙王庙,1703196000000,5,167.850
汉江,61802500,龙王庙,1703199600000,6,167.850
汉江,61802500,龙王庙,1703203200000,4,167.840
汉江,61802500,龙王庙,1703206800000,4,167.830
汉江,61802500,龙王庙,1703210400000,4,167.820
汉江,61802500,龙王庙,1703214000000,6,167.820
汉江,61802500,龙王庙,1703217600000,5,167.830
汉江,61802500,龙王庙,1703221200000,6,167.830
汉江,61802500,龙王庙,1703224800000,6,167.830
汉江,61802500,龙王庙,1703228400000,4,167.820
汉江,61802500,龙王庙,1703232000000,5,167.830
汉江,61802500,龙王庙,1703235600000,4,167.810
汉江,61802500,龙王庙,1703239200000,6,167.810
汉江,61802500,龙王庙,1703242800000,6,167.810
汉江,61802500,龙王庙,1703246400000,4,167.800
汉江,61802500,龙王庙,1703250000000,5,167.810
汉江,61802500,龙王庙,1703253600000,6,167.810
汉江,61802500,龙王庙,1703257200000,6,167.810
汉江,61802500,龙王庙,1703260800000,6,167.810
汉江,61802500,龙王庙,1703264400000,5,167.820
汉江,61802500,龙王庙,1703268000000,6,167.820
汉江,61802500,龙王庙,1703271600000,6,167.820
汉江,61802500,龙王庙,1703275200000,4,167.810
汉江,61802500,龙王庙,1703278800000,4,167.790
汉江,61802500,龙王庙,1703282400000,6,167.790
汉江,61802500,龙王庙,1703286000000,6,167.790
汉江,61802500,龙王庙,1703289600000,5,167.800
汉江,61802500,龙王庙,1703293200000,5,167.810
汉江,61802500,龙王庙,1703296800000,4,167.800
汉江,61802500,龙王庙,1703300400000,6,167.800
汉江,61802500,龙王庙,1703304000000,6,167.800
汉江,61802500,龙王庙,1703307600000,4,167.780
汉江,61802500,龙王庙,1703311200000,5,167.790
汉江,61802500,龙王庙,1703314800000,4,167.780
汉江,61802500,龙王庙,1703318400000,6,167.780
汉江,61802500,龙王庙,1703322000000,6,167.780
汉江,61802500,龙王庙,1703325600000,6,167.780
汉江,61802500,龙王庙,1703329200000,4,167.770
汉江,61802500,龙王庙,1703332800000,6,167.770
汉江,61802500,龙王庙,1703336400000,6,167.770
汉江,61802500,龙王庙,1703340000000,6,167.770
汉江,61802500,龙王庙,1703343600000,6,167.770
汉江,61802500,龙王庙,1703347200000,4,167.760
汉江,61802500,龙王庙,1703350800000,5,167.770
汉江,61802500,龙王庙,1703354400000,4,167.750
汉江,61802500,龙王庙,1703358000000,5,167.760
汉江,61802500,龙王庙,1703361600000,4,167.750
汉江,61802500,龙王庙,1703365200000,6,167.750
汉江,61802500,龙王庙,1703368800000,6,167.750
汉江,61802500,龙王庙,1703372400000,6,167.750
汉江,61802500,龙王庙,1703376000000,6,167.750
汉江,61802500,龙王庙,1703379600000,6,167.750
汉江,61802500,龙王庙,1703383200000,6,167.750
汉江,61802500,龙王庙,1703386800000,6,167.750
汉江,61802500,龙王庙,1703390400000,6,167.750
汉江,61802500,龙王庙,1703394000000,4,167.740
汉江,61802500,龙王庙,1703397600000,6,167.740
汉江,61802500,龙王庙,1703401200000,4,167.730
汉江,61802500,龙王庙,1703404800000,5,167.740
汉江,61802500,龙王庙,1703408400000,4,167.730
汉江,61802500,龙王庙,1703412000000,4,167.720
汉江,61802500,龙王庙,1703415600000,6,167.720
汉江,61802500,龙王庙,1703419200000,6,167.720
汉江,61802500,龙王庙,1703422800000,5,167.730
汉江,61802500,龙王庙,1703426400000,4,167.720
汉江,61802500,龙王庙,1703430000000,5,167.730
汉江,61802500,龙王庙,1703433600000,5,167.740
汉江,61802500,龙王庙,1703437200000,6,167.740
汉江,61802500,龙王庙,1703440800000,4,167.730
汉江,61802500,龙王庙,1703444400000,6,167.730
汉江,61802500,龙王庙,1703448000000,6,167.730
汉江,61802500,龙王庙,1703451600000,6,167.730
汉江,61802500,龙王庙,1703455200000,4,167.720
汉江,61802500,龙王庙,1703458800000,6,167.720
汉江,61802500,龙王庙,1703462400000,6,167.720
汉江,61802500,龙王庙,1703466000000,5,167.730
汉江,61802500,龙王庙,1703469600000,4,167.720
汉江,61802500,龙王庙,1703473200000,6,167.720
汉江,61802500,龙王庙,1703476800000,6,167.720
汉江,61802500,龙王庙,1703480400000,4,167.710
汉江,61802500,龙王庙,1703484000000,4,167.700
汉江,61802500,龙王庙,1703487600000,6,167.700
汉江,61802500,龙王庙,1703491200000,4,167.690
汉江,61802500,龙王庙,1703494800000,6,167.690
汉江,61802500,龙王庙,1703498400000,5,167.700
汉江,61802500,龙王庙,1703502000000,6,167.700
汉江,61802500,龙王庙,1703505600000,6,167.700
汉江,61802500,龙王庙,1703509200000,6,167.700
汉江,61802500,龙王庙,1703512800000,4,167.690
汉江,61802500,龙王庙,1703516400000,6,167.690
汉江,61802500,龙王庙,1703520000000,6,167.690
汉江,61802500,龙王庙,1703523600000,4,167.680
汉江,61802500,龙王庙,1703527200000,5,167.700
汉江,61802500,龙王庙,1703530800000,6,167.700
汉江,61802500,龙王庙,1703534400000,6,167.700
汉江,61802500,龙王庙,1703538000000,4,167.690
汉江,61802500,龙王庙,1703541600000,4,167.680
汉江,61802500,龙王庙,1703545200000,6,167.680
汉江,61802500,龙王庙,1703548800000,4,167.670
汉江,61802500,龙王庙,1703552400000,6,167.670
汉江,61802500,龙王庙,1703556000000,6,167.670
汉江,61802500,龙王庙,1703559600000,5,167.680
汉江,61802500,龙王庙,1703563200000,6,167.680
汉江,61802500,龙王庙,1703566800000,6,167.680
汉江,61802500,龙王庙,1703570400000,4,167.670
汉江,61802500,龙王庙,1703574000000,4,167.660
汉江,61802500,龙王庙,1703577600000,4,167.650
汉江,61802500,龙王庙,1703581200000,6,167.650
汉江,61802500,龙王庙,1703584800000,6,167.650
汉江,61802500,龙王庙,1703588400000,6,167.650
汉江,61802500,龙王庙,1703592000000,5,167.660
汉江,61802500,龙王庙,1703595600000,6,167.660
汉江,61802500,龙王庙,1703599200000,4,167.650
汉江,61802500,龙王庙,1703602800000,5,167.660
汉江,61802500,龙王庙,1703606400000,6,167.660
汉江,61802500,龙王庙,1703610000000,6,167.660
汉江,61802500,龙王庙,1703613600000,6,167.660
汉江,61802500,龙王庙,1703617200000,4,167.650
汉江,61802500,龙王庙,1703620800000,6,167.650
汉江,61802500,龙王庙,1703624400000,4,167.640
汉江,61802500,龙王庙,1703628000000,4,167.630
汉江,61802500,龙王庙,1703631600000,6,167.630
汉江,61802500,龙王庙,1703635200000,5,167.640
汉江,61802500,龙王庙,1703638800000,6,167.640
汉江,61802500,龙王庙,1703642400000,5,167.650
汉江,61802500,龙王庙,1703646000000,6,167.650
汉江,61802500,龙王庙,1703649600000,4,167.640
汉江,61802500,龙王庙,1703653200000,6,167.640
汉江,61802500,龙王庙,1703656800000,4,167.630
汉江,61802500,龙王庙,1703660400000,6,167.630
汉江,61802500,龙王庙,1703664000000,6,167.630
汉江,61802500,龙王庙,1703667600000,6,167.630
汉江,61802500,龙王庙,1703671200000,4,167.620
汉江,61802500,龙王庙,1703674800000,6,167.620
汉江,61802500,龙王庙,1703678400000,6,167.620
汉江,61802500,龙王庙,1703682000000,6,167.620
汉江,61802500,龙王庙,1703685600000,6,167.620
汉江,61802500,龙王庙,1703689200000,5,167.630
汉江,61802500,龙王庙,1703692800000,6,167.630
汉江,61802500,龙王庙,1703696400000,5,167.640
汉江,61802500,龙王庙,1703700000000,4,167.630
汉江,61802500,龙王庙,1703703600000,6,167.630
汉江,61802500,龙王庙,1703707200000,6,167.630
汉江,61802500,龙王庙,1703710800000,6,167.630
汉江,61802500,龙王庙,1703714400000,6,167.630
汉江,61802500,龙王庙,1703718000000,6,167.630
汉江,61802500,龙王庙,1703721600000,6,167.630
汉江,61802500,龙王庙,1703725200000,6,167.630
汉江,61802500,龙王庙,1703728800000,6,167.630
汉江,61802500,龙王庙,1703732400000,6,167.630
汉江,61802500,龙王庙,1703736000000,6,167.630
