oq,rvnm,stcd,stnm,tm,wptn,z
661,汉江,61802700,丹江口水库,1777568400000,5,161.170
658,1140,汉江,61802700,丹江口水库,1777572000000,4,161.160
662,汉江,61802700,丹江口水库,1777575600000,4,161.150
658,汉江,61802700,丹江口水库,1777579200000,5,161.160
657,汉江,61802700,丹江口水库,1777582800000,6,161.160
657,汉江,61802700,丹江口水库,1777586400000,6,161.160
656,汉江,61802700,丹江口水库,1777590000000,4,161.140
667,汉江,61802700,丹江口水库,1777604400000,6,161.140
724,296,汉江,61802700,丹江口水库,1777615200000,4,161.140
522,汉江,61802700,丹江口水库,1777622400000,4,161.130
1040,汉江,61802700,丹江口水库,1777626000000,5,161.140
1500,汉江,61802700,丹江口水库,1777633200000,4,161.110
1500,汉江,61802700,丹江口水库,1777640400000,4,161.110
1510,汉江,61802700,丹江口水库,1777644000000,5,161.120
1520,汉江,61802700,丹江口水库,1777647600000,4,161.110
1170,汉江,61802700,丹江口水库,1777651200000,5,161.120
1370,汉江,61802700,丹江口水库,1777654800000,6,161.120
809,1420,汉江,61802700,丹江口水库,1777658400000,5,161.130
814,汉江,61802700,丹江口水库,1777662000000,6,161.130
806,汉江,61802700,丹江口水库,1777665600000,6,161.130
805,汉江,61802700,丹江口水库,1777669200000,6,161.130
801,汉江,61802700,丹江口水库,1777672800000,4,161.120
764,汉江,61802700,丹江口水库,1777676400000,4,161.110
1180,汉江,61802700,丹江口水库,1777690800000,5,161.110
1400,汉江,61802700,丹江口水库,1777698000000,4,161.100
621,汉江,61802700,丹江口水库,1777705200000,5,161.100
620,汉江,61802700,丹江口水库,1777708800000,6,161.100
1070,汉江,61802700,丹江口水库,1777712400000,6,161.100
658,汉江,61802700,丹江口水库,1777716000000,6,161.100
705,汉江,61802700,丹江口水库,1777719600000,4,161.090
705,805,汉江,61802700,丹江口水库,1777723200000,6,161.090
710,汉江,61802700,丹江口水库,1777726800000,6,161.090
649,汉江,61802700,丹江口水库,1777730400000,6,161.090
627,汉江,61802700,丹江口水库,1777734000000,6,161.090
623,汉江,61802700,丹江口水库,1777737600000,5,161.110
700,汉江,61802700,丹江口水库,1777741200000,5,161.130
625,2670,汉江,61802700,丹江口水库,1777744800000,5,161.140
626,汉江,61802700,丹江口水库,1777748400000,6,161.140
626,汉江,61802700,丹江口水库,1777752000000,4,161.130
625,汉江,61802700,丹江口水库,1777755600000,4,161.120
622,汉江,61802700,丹江口水库,1777759200000,4,161.110
623,汉江,61802700,丹江口水库,1777762800000,4,161.090
515,汉江,61802700,丹江口水库,1777773600000,5,161.110
521,汉江,61802700,丹江口水库,1777784400000,4,161.110
631,汉江,61802700,丹江口水库,1777791600000,4,161.090
1470,汉江,61802700,丹江口水库,1777798800000,4,161.070
1480,汉江,61802700,丹江口水库,1777802400000,6,161.070
1580,汉江,61802700,丹江口水库,1777806000000,6,161.070
1590,汉江,61802700,丹江口水库,1777813200000,6,161.070
1580,汉江,61802700,丹江口水库,1777816800000,4,161.060
1340,汉江,61802700,丹江口水库,1777820400000,6,161.060
1200,汉江,61802700,丹江口水库,1777824000000,6,161.060
982,汉江,61802700,丹江口水库,1777827600000,5,161.090
663,2190,汉江,61802700,丹江口水库,1777831200000,6,161.090
764,汉江,61802700,丹江口水库,1777834800000,4,161.080
773,汉江,61802700,丹江口水库,1777838400000,5,161.090
765,汉江,61802700,丹江口水库,1777842000000,4,161.080
773,汉江,61802700,丹江口水库,1777845600000,4,161.070
720,汉江,61802700,丹江口水库,1777849200000,4,161.050
527,汉江,61802700,丹江口水库,1777860000000,5,161.060
682,汉江,61802700,丹江口水库,1777870800000,4,161.050
628,汉江,61802700,丹江口水库,1777881600000,4,161.030
973,汉江,61802700,丹江口水库,1777888800000,5,161.030
1700,汉江,61802700,丹江口水库,1777892400000,4,161.020
1440,汉江,61802700,丹江口水库,1777903200000,6,161.020
1190,汉江,61802700,丹江口水库,1777910400000,6,161.030
1140,汉江,61802700,丹江口水库,1777914000000,4,161.020
707,汉江,61802700,丹江口水库,1777921200000,5,161.040
645,汉江,61802700,丹江口水库,1777924800000,6,161.040
623,汉江,61802700,丹江口水库,1777928400000,6,161.040
623,汉江,61802700,丹江口水库,1777932000000,4,161.020
620,汉江,61802700,丹江口水库,1777935600000,4,161.010
521,404,汉江,61802700,丹江口水库,1777939200000,4,161.000
513,汉江,61802700,丹江口水库,1777953600000,5,161.020
546,917,汉江,61802700,丹江口水库,1777960800000,6,161.010
531,汉江,61802700,丹江口水库,1777968000000,6,161.000
1070,汉江,61802700,丹江口水库,1777975200000,5,160.990
1690,汉江,61802700,丹江口水库,1777978800000,4,160.980
1690,349,汉江,61802700,丹江口水库,1777982400000,6,160.980
1230,汉江,61802700,丹江口水库,1777996800000,6,161.000
766,汉江,61802700,丹江口水库,1778000400000,4,160.990
768,汉江,61802700,丹江口水库,1778007600000,6,161.000
770,汉江,61802700,丹江口水库,1778011200000,6,161.000
772,汉江,61802700,丹江口水库,1778014800000,6,161.000
763,汉江,61802700,丹江口水库,1778018400000,6,161.000
762,汉江,61802700,丹江口水库,1778022000000,4,160.980
622,1010,汉江,61802700,丹江口水库,1778025600000,6,160.980
631,汉江,61802700,丹江口水库,1778040000000,6,160.970
1160,汉江,61802700,丹江口水库,1778050800000,4,160.960
1100,汉江,61802700,丹江口水库,1778058000000,4,160.950
1220,汉江,61802700,丹江口水库,1778065200000,6,160.950
1230,357,汉江,61802700,丹江口水库,1778068800000,6,160.950
902,汉江,61802700,丹江口水库,1778079600000,5,160.980
1090,汉江,61802700,丹江口水库,1778083200000,4,160.970
634,2320,汉江,61802700,丹江口水库,1778090400000,5,160.980
626,汉江,61802700,丹江口水库,1778094000000,4,160.960
625,汉江,61802700,丹江口水库,1778101200000,6,160.960
626,汉江,61802700,丹江口水库,1778104800000,5,160.970
697,汉江,61802700,丹江口水库,1778108400000,4,160.950
625,汉江,61802700,丹江口水库,1778122800000,5,160.940
625,846,汉江,61802700,丹江口水库,1778133600000,4,160.940
973,汉江,61802700,丹江口水库,1778144400000,6,160.920
1500,汉江,61802700,丹江口水库,1778151600000,4,160.910
1500,382,汉江,61802700,丹江口水库,1778155200000,6,160.910
551,汉江,61802700,丹江口水库,1778166000000,5,160.910
631,汉江,61802700,丹江口水库,1778173200000,6,160.930
635,1060,汉江,61802700,丹江口水库,1778176800000,4,160.910
627,汉江,61802700,丹江口水库,1778184000000,5,160.910
