rvnm,stcd,stnm,tm,wptn,z
陆水,61705000,陆水水库(坝上),1777569600000,6,50.820
陆水,61705000,陆水水库(坝上),1777574100000,6,50.810
陆水,61705000,陆水水库(坝上),1777578900000,6,50.800
陆水,61705000,陆水水库(坝上),1777583100000,6,50.790
陆水,61705000,陆水水库(坝上),1777586700000,6,50.790
陆水,61705000,陆水水库(坝上),1777590300000,6,50.780
陆水,61705000,陆水水库(坝上),1777593600000,6,50.770
陆水,61705000,陆水水库(坝上),1777608300000,6,50.780
陆水,61705000,陆水水库(坝上),1777617600000,6,50.790
陆水,61705000,陆水水库(坝上),1777623900000,6,50.790
陆水,61705000,陆水水库(坝上),1777629600000,6,50.780
陆水,61705000,陆水水库(坝上),1777633800000,6,50.770
陆水,61705000,陆水水库(坝上),1777637100000,6,50.770
陆水,61705000,陆水水库(坝上),1777643400000,6,50.750
陆水,61705000,陆水水库(坝上),1777646700000,6,50.740
陆水,61705000,陆水水库(坝上),1777650300000,6,50.730
陆水,61705000,陆水水库(坝上),1777654200000,4,50.720
陆水,61705000,陆水水库(坝上),1777657800000,6,50.720
陆水,61705000,陆水水库(坝上),1777662300000,6,50.700
陆水,61705000,陆水水库(坝上),1777665900000,6,50.690
陆水,61705000,陆水水库(坝上),1777669200000,6,50.680
陆水,61705000,陆水水库(坝上),1777672500000,6,50.670
陆水,61705000,陆水水库(坝上),1777676100000,6,50.660
陆水,61705000,陆水水库(坝上),1777679400000,6,50.650
陆水,61705000,陆水水库(坝上),1777692600000,6,50.590
陆水,61705000,陆水水库(坝上),1777700700000,6,50.570
陆水,61705000,陆水水库(坝上),1777707300000,6,50.540
陆水,61705000,陆水水库(坝上),1777711200000,6,50.520
陆水,61705000,陆水水库(坝上),1777715400000,6,50.510
陆水,61705000,陆水水库(坝上),1777718400000,6,50.510
陆水,61705000,陆水水库(坝上),1777720800000,6,50.490
陆水,61705000,陆水水库(坝上),1777724400000,6,50.480
陆水,61705000,陆水水库(坝上),1777729800000,6,50.460
陆水,61705000,陆水水库(坝上),1777732500000,6,50.450
陆水,61705000,陆水水库(坝上),1777735500000,6,50.440
陆水,61705000,陆水水库(坝上),1777738800000,6,50.430
陆水,61705000,陆水水库(坝上),1777742100000,6,50.420
陆水,61705000,陆水水库(坝上),1777744800000,6,50.410
陆水,61705000,陆水水库(坝上),1777748700000,6,50.390
陆水,61705000,陆水水库(坝上),1777751400000,6,50.390
陆水,61705000,陆水水库(坝上),1777754700000,6,50.380
陆水,61705000,陆水水库(坝上),1777757400000,6,50.370
陆水,61705000,陆水水库(坝上),1777760100000,6,50.360
陆水,61705000,陆水水库(坝上),1777762800000,4,50.350
陆水,61705000,陆水水库(坝上),1777765800000,6,50.340
陆水,61705000,陆水水库(坝上),1777776600000,4,50.330
陆水,61705000,陆水水库(坝上),1777788000000,6,50.350
陆水,61705000,陆水水库(坝上),1777795500000,6,50.370
陆水,61705000,陆水水库(坝上),1777800600000,6,50.370
陆水,61705000,陆水水库(坝上),1777804200000,6,50.380
陆水,61705000,陆水水库(坝上),1777806900000,6,50.390
陆水,61705000,陆水水库(坝上),1777809600000,6,50.390
陆水,61705000,陆水水库(坝上),1777815300000,6,50.400
陆水,61705000,陆水水库(坝上),1777818600000,6,50.410
陆水,61705000,陆水水库(坝上),1777821600000,6,50.410
陆水,61705000,陆水水库(坝上),1777824000000,6,50.410
陆水,61705000,陆水水库(坝上),1777827600000,6,50.410
陆水,61705000,陆水水库(坝上),1777830600000,6,50.410
陆水,61705000,陆水水库(坝上),1777834800000,6,50.410
陆水,61705000,陆水水库(坝上),1777837800000,6,50.410
陆水,61705000,陆水水库(坝上),1777840500000,6,50.410
陆水,61705000,陆水水库(坝上),1777843200000,6,50.420
陆水,61705000,陆水水库(坝上),1777845600000,6,50.420
陆水,61705000,陆水水库(坝上),1777848600000,6,50.420
陆水,61705000,陆水水库(坝上),1777852200000,6,50.420
陆水,61705000,陆水水库(坝上),1777862700000,6,50.410
陆水,61705000,陆水水库(坝上),1777874400000,6,50.400
陆水,61705000,陆水水库(坝上),1777883700000,6,50.390
陆水,61705000,陆水水库(坝上),1777891500000,6,50.380
陆水,61705000,陆水水库(坝上),1777896300000,6,50.360
陆水,61705000,陆水水库(坝上),1777904700000,6,50.340
陆水,61705000,陆水水库(坝上),1777911000000,4,50.320
陆水,61705000,陆水水库(坝上),1777916700000,6,50.320
陆水,61705000,陆水水库(坝上),1777922400000,6,50.320
陆水,61705000,陆水水库(坝上),1777926900000,6,50.320
陆水,61705000,陆水水库(坝上),1777930500000,6,50.310
陆水,61705000,陆水水库(坝上),1777934100000,5,50.310
陆水,61705000,陆水水库(坝上),1777937400000,6,50.300
陆水,61705000,陆水水库(坝上),1777942800000,6,50.300
陆水,61705000,陆水水库(坝上),1777954800000,6,50.280
陆水,61705000,陆水水库(坝上),1777962000000,6,50.270
陆水,61705000,陆水水库(坝上),1777969800000,6,50.260
陆水,61705000,陆水水库(坝上),1777975800000,4,50.240
陆水,61705000,陆水水库(坝上),1777980900000,6,50.230
陆水,61705000,陆水水库(坝上),1777985400000,6,50.220
陆水,61705000,陆水水库(坝上),1777999200000,6,50.180
陆水,61705000,陆水水库(坝上),1778004000000,6,50.170
陆水,61705000,陆水水库(坝上),1778010000000,6,50.160
陆水,61705000,陆水水库(坝上),1778013300000,6,50.170
陆水,61705000,陆水水库(坝上),1778016900000,6,50.160
陆水,61705000,陆水水库(坝上),1778020200000,6,50.160
陆水,61705000,陆水水库(坝上),1778023200000,6,50.160
陆水,61705000,陆水水库(坝上),1778029500000,6,50.150
陆水,61705000,陆水水库(坝上),1778042100000,6,50.140
陆水,61705000,陆水水库(坝上),1778052000000,6,50.110
陆水,61705000,陆水水库(坝上),1778059800000,6,50.100
陆水,61705000,陆水水库(坝上),1778066400000,6,50.070
陆水,61705000,陆水水库(坝上),1778072700000,6,50.050
陆水,61705000,陆水水库(坝上),1778081400000,6,50.020
陆水,61705000,陆水水库(坝上),1778086800000,6,50.010
陆水,61705000,陆水水库(坝上),1778092800000,6,50.000
陆水,61705000,陆水水库(坝上),1778098200000,6,49.990
陆水,61705000,陆水水库(坝上),1778102400000,6,49.990
陆水,61705000,陆水水库(坝上),1778106000000,6,49.990
陆水,61705000,陆水水库(坝上),1778109600000,6,50.000
陆水,61705000,陆水水库(坝上),1778112000000,6,49.990
陆水,61705000,陆水水库(坝上),1778125800000,6,49.990
陆水,61705000,陆水水库(坝上),1778136000000,6,49.970
陆水,61705000,陆水水库(坝上),1778145000000,6,49.960
陆水,61705000,陆水水库(坝上),1778152200000,4,49.950
陆水,61705000,陆水水库(坝上),1778158800000,6,49.950
陆水,61705000,陆水水库(坝上),1778167200000,6,49.930
陆水,61705000,陆水水库(坝上),1778173800000,6,49.940
陆水,61705000,陆水水库(坝上),1778180400000,6,49.940
陆水,61705000,陆水水库(坝上),1778185800000,4,49.940
陆水,61705000,陆水水库(坝上),1778188800000,6,49.950
陆水,61705000,陆水水库(坝上),1778193000000,6,49.950
陆水,61705000,陆水水库(坝上),1778196000000,6,49.960
陆水,61705000,陆水水库(坝上),1778202600000,6,49.960
陆水,61705000,陆水水库(坝上),1778208300000,6,49.960
陆水,61705000,陆水水库(坝上),1778226300000,6,49.980
陆水,61705000,陆水水库(坝上),1778232900000,6,49.980
陆水,61705000,陆水水库(坝上),1778237400000,6,49.990
陆水,61705000,陆水水库(坝上),1778241600000,6,50.000
陆水,61705000,陆水水库(坝上),1778249100000,6,50.010
陆水,61705000,陆水水库(坝上),1778255100000,6,50.020
陆水,61705000,陆水水库(坝上),1778259900000,6,50.020
陆水,61705000,陆水水库(坝上),1778265300000,6,50.020
陆水,61705000,陆水水库(坝上),1778269800000,6,50.020
陆水,61705000,陆水水库(坝上),1778274000000,6,50.030
陆水,61705000,陆水水库(坝上),1778277600000,6,50.030
陆水,61705000,陆水水库(坝上),1778281200000,6,50.030
陆水,61705000,陆水水库(坝上),1778284800000,6,50.030
陆水,61705000,陆水水库(坝上),1778298300000,6,50.030
陆水,61705000,陆水水库(坝上),1778313900000,6,50.030
陆水,61705000,陆水水库(坝上),1778319300000,6,50.040
陆水,61705000,陆水水库(坝上),1778329800000,6,50.040
陆水,61705000,陆水水库(坝上),1778334600000,6,50.040
陆水,61705000,陆水水库(坝上),1778349000000,6,50.050
陆水,61705000,陆水水库(坝上),1778353800000,6,50.050
陆水,61705000,陆水水库(坝上),1778359800000,6,50.050
陆水,61705000,陆水水库(坝上),1778363100000,6,50.050
陆水,61705000,陆水水库(坝上),1778368500000,6,50.050
陆水,61705000,陆水水库(坝上),1778406600000,6,50.050
陆水,61705000,陆水水库(坝上),1778423400000,6,50.050
陆水,61705000,陆水水库(坝上),1778427000000,6,50.050
陆水,61705000,陆水水库(坝上),1778433600000,6,50.050
陆水,61705000,陆水水库(坝上),1778441700000,6,50.050
陆水,61705000,陆水水库(坝上),1778444400000,6,50.050
陆水,61705000,陆水水库(坝上),1778450400000,6,50.050
陆水,61705000,陆水水库(坝上),1778457300000,6,50.050
陆水,61705000,陆水水库(坝上),1778485500000,6,50.050
陆水,61705000,陆水水库(坝上),1778497800000,6,50.040
陆水,61705000,陆水水库(坝上),1778507700000,6,50.040
陆水,61705000,陆水水库(坝上),1778516700000,6,50.040
陆水,61705000,陆水水库(坝上),1778523300000,6,50.040
陆水,61705000,陆水水库(坝上),1778529600000,6,50.040
陆水,61705000,陆水水库(坝上),1778535000000,6,50.040
陆水,61705000,陆水水库(坝上),1778538600000,6,50.040
陆水,61705000,陆水水库(坝上),1778542200000,4,50.030
陆水,61705000,陆水水库(坝上),1778548200000,6,50.030
陆水,61705000,陆水水库(坝上),1778560800000,6,50.030
陆水,61705000,陆水水库(坝上),1778570700000,6,50.020
陆水,61705000,陆水水库(坝上),1778580000000,6,50.010
陆水,61705000,陆水水库(坝上),1778587800000,6,50.010
陆水,61705000,陆水水库(坝上),1778598000000,6,50.010
陆水,61705000,陆水水库(坝上),1778606100000,4,50.000
陆水,61705000,陆水水库(坝上),1778613000000,6,50.010
陆水,61705000,陆水水库(坝上),1778618700000,6,50.010
陆水,61705000,陆水水库(坝上),1778623200000,6,50.010
陆水,61705000,陆水水库(坝上),1778627400000,6,50.010
陆水,61705000,陆水水库(坝上),1778630700000,4,50.010
陆水,61705000,陆水水库(坝上),1778645100000,6,50.010
陆水,61705000,陆水水库(坝上),1778656800000,6,50.010
陆水,61705000,陆水水库(坝上),1778666100000,6,50.020
陆水,61705000,陆水水库(坝上),1778674200000,6,50.030
陆水,61705000,陆水水库(坝上),1778685000000,6,50.050
陆水,61705000,陆水水库(坝上),1778692500000,6,50.050
陆水,61705000,陆水水库(坝上),1778699400000,6,50.060
陆水,61705000,陆水水库(坝上),1778705100000,6,50.070
陆水,61705000,陆水水库(坝上),1778709600000,6,50.070
陆水,61705000,陆水水库(坝上),1778713800000,5,50.080
陆水,61705000,陆水水库(坝上),1778721300000,6,50.080
陆水,61705000,陆水水库(坝上),1778734500000,6,50.100
陆水,61705000,陆水水库(坝上),1778744700000,6,50.110
陆水,61705000,陆水水库(坝上),1778753100000,6,50.120
陆水,61705000,陆水水库(坝上),1778760000000,6,50.120
陆水,61705000,陆水水库(坝上),1778769000000,6,50.130
陆水,61705000,陆水水库(坝上),1778775900000,6,50.140
陆水,61705000,陆水水库(坝上),1778782200000,6,50.140
陆水,61705000,陆水水库(坝上),1778788500000,6,50.150
陆水,61705000,陆水水库(坝上),1778793000000,6,50.150
陆水,61705000,陆水水库(坝上),1778797500000,6,50.150
陆水,61705000,陆水水库(坝上),1778801100000,6,50.160
陆水,61705000,陆水水库(坝上),1778807700000,6,50.160
陆水,61705000,陆水水库(坝上),1778821500000,6,50.160
陆水,61705000,陆水水库(坝上),1778832600000,6,50.160
陆水,61705000,陆水水库(坝上),1778841000000,6,50.160
陆水,61705000,陆水水库(坝上),1778847300000,6,50.160
陆水,61705000,陆水水库(坝上),1778856600000,6,50.160
陆水,61705000,陆水水库(坝上),1778863500000,6,50.160
陆水,61705000,陆水水库(坝上),1778868900000,6,50.160
陆水,61705000,陆水水库(坝上),1778874300000,6,50.160
陆水,61705000,陆水水库(坝上),1778878200000,6,50.160
陆水,61705000,陆水水库(坝上),1778882100000,6,50.160
陆水,61705000,陆水水库(坝上),1778885700000,6,50.160
陆水,61705000,陆水水库(坝上),1778889300000,6,50.160
陆水,61705000,陆水水库(坝上),1778902800000,6,50.160
陆水,61705000,陆水水库(坝上),1778911800000,6,50.160
陆水,61705000,陆水水库(坝上),1778919000000,6,50.160
陆水,61705000,陆水水库(坝上),1778924400000,4,50.150
陆水,61705000,陆水水库(坝上),1778928900000,6,50.140
陆水,61705000,陆水水库(坝上),1778932200000,6,50.130
陆水,61705000,陆水水库(坝上),1778938200000,4,50.120
陆水,61705000,陆水水库(坝上),1778941800000,5,50.120
陆水,61705000,陆水水库(坝上),1778945400000,6,50.110
陆水,61705000,陆水水库(坝上),1778949000000,6,50.110
陆水,61705000,陆水水库(坝上),1778952600000,6,50.100
陆水,61705000,陆水水库(坝上),1778956200000,6,50.090
陆水,61705000,陆水水库(坝上),1778960100000,5,50.090
陆水,61705000,陆水水库(坝上),1778963100000,6,50.080
陆水,61705000,陆水水库(坝上),1778966400000,6,50.070
陆水,61705000,陆水水库(坝上),1778966700000,6,50.070
陆水,61705000,陆水水库(坝上),1778969400000,6,50.070
陆水,61705000,陆水水库(坝上),1778973000000,6,50.060
陆水,61705000,陆水水库(坝上),1778976300000,4,50.050
陆水,61705000,陆水水库(坝上),1778991900000,6,50.000
陆水,61705000,陆水水库(坝上),1779001800000,6,49.960
陆水,61705000,陆水水库(坝上),1779009000000,6,49.930
陆水,61705000,陆水水库(坝上),1779014100000,6,49.910
陆水,61705000,陆水水库(坝上),1779018000000,6,49.900
陆水,61705000,陆水水库(坝上),1779021000000,6,49.890
陆水,61705000,陆水水库(坝上),1779026700000,6,49.860
陆水,61705000,陆水水库(坝上),1779031200000,5,49.850
陆水,61705000,陆水水库(坝上),1779035100000,4,49.830
陆水,61705000,陆水水库(坝上),1779039000000,4,49.820
陆水,61705000,陆水水库(坝上),1779042600000,6,49.810
陆水,61705000,陆水水库(坝上),1779046800000,6,49.800
陆水,61705000,陆水水库(坝上),1779049500000,6,49.790
陆水,61705000,陆水水库(坝上),1779053100000,6,49.780
陆水,61705000,陆水水库(坝上),1779056400000,6,49.770
陆水,61705000,陆水水库(坝上),1779060300000,6,49.760
陆水,61705000,陆水水库(坝上),1779067500000,4,49.730
陆水,61705000,陆水水库(坝上),1779097800000,6,49.620
陆水,61705000,陆水水库(坝上),1779111600000,6,49.580
陆水,61705000,陆水水库(坝上),1779122100000,6,49.610
陆水,61705000,陆水水库(坝上),1779127800000,5,49.640
陆水,61705000,陆水水库(坝上),1779134700000,6,49.700
陆水,61705000,陆水水库(坝上),1779139800000,6,49.760
陆水,61705000,陆水水库(坝上),1779143100000,6,49.790
陆水,61705000,陆水水库(坝上),1779147300000,6,49.860
陆水,61705000,陆水水库(坝上),1779153900000,6,49.950
陆水,61705000,陆水水库(坝上),1779169200000,5,50.120
陆水,61705000,陆水水库(坝上),1779180000000,4,50.200
陆水,61705000,陆水水库(坝上),1779190800000,6,50.250
陆水,61705000,陆水水库(坝上),1779199800000,6,50.290
陆水,61705000,陆水水库(坝上),1779210600000,6,50.330
陆水,61705000,陆水水库(坝上),1779217800000,6,50.340
陆水,61705000,陆水水库(坝上),1779223200000,5,50.370
